<?xml version="1.0" encoding="UTF-8"?>
<beans xmlns="http://www.springframework.org/schema/beans"
xmlns:util="http://www.springframework.org/schema/util" 
xmlns:context="http://www.springframework.org/schema/context"
xmlns:xsi="http://www.w3.org/2001/XMLSchema-instance"
xmlns:aop="http://www.springframework.org/schema/aop"
xsi:schemaLocation="http://www.springframework.org/schema/beans http://www.springframework.org/schema/beans/spring-beans-2.5.xsd
                    http://www.springframework.org/schema/context http://www.springframework.org/schema/context/spring-context-3.0.xsd
                    http://www.springframework.org/schema/aop http://www.springframework.org/schema/aop/spring-aop-3.1.xsd
                    http://www.springframework.org/schema/aop http://www.springframework.org/schema/aop/spring-aop-2.0.xsd">

	<bean id="webDriverProvider" class="ru.aaa.test.driver.CustomWebDriverProvider">
	</bean>

	<bean id="webDriverScreenshotOnFailure" class="ru.aaa.test.driver.CustomWebDriverScreenshotOnFailure">
	    <constructor-arg ref="webDriverProvider" />
	</bean>

	<bean id="lifecycleSteps" class="ru.aaa.test.steps.LifecycleSteps">
		<constructor-arg ref="webDriverProvider" />
	</bean>

	<bean class="org.springframework.beans.factory.config.PropertyPlaceholderConfigurer">
		<property name="location" value="classpath:configuration.properties" />
	</bean>

	<bean id="messageSource" class="org.springframework.context.support.ResourceBundleMessageSource">
		<property name="basenames">
			<list>
				<value>configuration</value>
			</list>
		</property>
	</bean>

	<bean id="config" class="ru.aaa.test.utils.Config">
		<property name="messageSource" ref="messageSource"></property>
	</bean>

	<bean id="xmlParser" class="ru.aaa.test.utils.XmlParser">
		<property name="projectBuildDirectory" value="${project.biuld.directory}"></property>
	</bean>
	
	<context:component-scan base-package="ru.aaa.test.ui" />
		
</beans>